row_index,caption,motion_id,humanml_duration_sec,humanml_root_speed_mean,humanml_root_path_length,humanml_mean_joint_velocity,humanml_mean_joint_acceleration,humanml_mean_joint_jerk,humanml_root_vertical_range,humanml_all_joint_vertical_range,selected_teacher_alignment_distance,selected_teacher_alignment_score,selected_teacher_duration_sec_log_ratio_distance,selected_teacher_root_speed_mean_log_ratio_distance,selected_teacher_root_path_length_log_ratio_distance,selected_teacher_mean_joint_velocity_log_ratio_distance,selected_teacher_mean_joint_acceleration_log_ratio_distance,selected_teacher_mean_joint_jerk_log_ratio_distance,selected_teacher_root_vertical_range_log_ratio_distance,selected_teacher_all_joint_vertical_range_log_ratio_distance
0,"this person is walking forward at an easy but steady pace, starting with the right foot and completing 8 steps, ending with the right foot forward.",M004045,4.15,0.006380725290381436,0.026480009955082963,12.586643530955994,284.6655820152291,9884.243527503491,0.09747231006622314,1.6317092180252075,2.612127700161291,0.07337825063385307,0.22551024189629337,4.265876958793848,4.489900569651795,3.226130887173776,4.46633599859134,3.3683471783547394,0.8273253629143286,0.027594403914208535
1,"a person walks forward at a slow pace and stops, holding position.",M009223,8.05,0.02737560541394588,0.22037362358226434,7.421677680889909,180.2826956038737,6201.764618208283,0.8629546165466309,2.3720712661743164,1.846993607372062,0.1577105942698437,0.03158835454829372,1.9252809737260304,1.892651015178183,3.2703108753685797,4.08193551121889,2.9750481480079363,0.19622427626005334,0.4029097046685286
2,a person lifts something heavy with their right arm.,M003512,2.25,0.003346196601954316,0.0075289423543972115,10.14298778332252,243.53608231110013,8104.131176499783,0.011108458042144775,1.606907606124878,2.9451166638717536,0.052595923414268615,0.9807889744406789,5.09954074246215,6.079104612396889,2.5697123198857885,3.4758718085749662,2.28852341812268,3.052996473744661,0.014394961346221298
3,"a person walks downstairs, before making a little jump at the bottom.",008638,5.800000000000001,0.013165382776733124,0.07635922010505213,9.67245095075911,218.44574975472798,7071.6154197168225,0.935943603515625,2.386488387339341,1.9474611025594037,0.1426357498003921,0.03513131444651402,2.242493544284091,2.2059292550560587,3.557776318516283,4.093650091338205,2.801750733590054,0.23281370025998357,0.410143862984041
4,a person is moving around dancing with their arms.,008811,9.950000000000001,0.025815166317055223,0.2568609048546995,31.334210663026013,663.1288639582991,19533.75661273797,0.1373463273048401,1.5699554681777954,2.0354233211372716,0.13062517440092275,0.015230164751611102,2.8195104338108123,2.803462334584506,3.6237790948068835,4.052533234243093,2.8414541484013833,0.11863946047655224,0.00877769802333442
5,a person is performing a dance,003726,7.45,0.00794362317902824,0.059179992683760396,8.712619675525255,141.50778200101968,4002.4254887067323,0.08633077144622803,1.595691204071045,1.987784575275832,0.13699859957646834,0.0341730025032238,3.188452775828885,3.1532262040547168,3.3970638836791984,3.715957745058507,2.2834189342371123,0.12112918759609483,0.008854869248920216
6,a person walking forward in a steady pace,007210,5.15,0.027245415122740438,0.14031388788211327,7.254322473129503,181.10415234354542,6304.428402609966,0.060078561305999756,1.5583946704864502,1.8927708014145301,0.15065379823436917,0.029598797208323847,3.0079583463696147,2.9767196124993833,2.4692512375064695,3.770782339061838,2.7105126260010857,0.1582962590080389,0.019047193661487834
7,a person swings their arms and body around as if they are dancing.,M004662,5.9,0.013824772919544414,0.08156616022531205,18.653298690121854,354.5817826894824,10659.19972067126,0.18090468645095825,1.9829899072647095,2.0404191670640994,0.12997421854693153,0.052225744883546796,2.9986958072938306,2.945037960292474,3.4055044728646693,3.9593720721431827,2.7307706621243306,0.17557666511380343,0.05616995179695987
8,a man is holding both arms out and then pulling them back in right to left as if he is transferring something heavy.,M004712,5.2,0.003236097940869078,0.016827709292519206,2.0254566556191054,14.253860971405297,273.29685571707375,0.007322430610656738,1.5817917585372925,1.5011464643847625,0.22287449594960584,0.039260706252996075,2.8888187283468496,2.8481257543862073,2.895768620016322,2.1869290030829878,0.47166271727140674,0.6780918821980881,0.0005143035232436183
9,a person does broad jumps back and forth with a quick stretch in between jumps.,005301,9.950000000000001,0.031624577491133184,0.3146645460367752,17.78617497067795,346.0802128918565,10588.895049696534,0.7951329350471497,1.9156550168991089,1.9525817252856248,0.14190723276070377,0.015230164751611102,2.589040212183983,2.5729856545937198,3.263242075938204,3.9810101650602694,2.8275707851526937,0.34392983707041247,0.027644907534103553
10,the man is walking at a quick pace with his hands and feet swinging and appears to be in a hurry.,009848,9.950000000000001,0.08334909109593741,0.8293234564045773,22.693769450415346,478.5222515117494,15074.902153675366,0.13851135969161987,1.6126275062561035,1.7895289088139363,0.167038841660781,0.015230164751611102,2.9052062763375317,2.8891356103748005,2.5821958282691857,3.459901248731324,2.305686071788908,0.14889920851161895,0.00997686174651226
11,the person is doing the lambada dance.,012522,9.950000000000001,0.011897930956785855,0.11838441302001926,10.214587881991855,258.0011106047466,8892.871713260758,0.09110438823699951,1.7223601341247559,2.0087663104422258,0.1341540771042542,0.015230164751611102,3.0653526668719184,3.0493438772048234,3.051714552491741,3.642445262739025,2.62505185825681,0.5939164036986077,0.027075697523266776
12,a person does tricks while jump roping and then stops,M014424,9.950000000000001,0.010025863352346042,0.09975734035584312,15.237471965200863,372.33713797948826,11740.04619491494,0.35065722465515137,1.7190661430358887,2.1020872415034035,0.12220109867351829,0.015230164751611102,3.0238577260052653,3.0078622174648713,3.4713299283282537,4.099515389625604,2.9252339996695564,0.2626093326798984,0.011059173502167813
13,a person bends forward with left/left hands quickly to touch left/left toes directly in front of hands. a person twists torso left/left with waist fast facing left/left. a person lifts left/left hands fast above left/left shoulder at the same time. a person bends torso left/left hand sides fast facing forward,M005172,9.950000000000001,0.004474381226146709,0.04452009320015976,12.073313337316698,198.24469131689708,5616.923135413832,0.06389111280441284,1.8232868909835815,2.306951954424287,0.0995642659445311,0.015230164751611102,3.3525006347501964,3.3366137534757807,3.6204806023691187,4.2225046329117655,3.000581380053246,0.8209850470681812,0.08671942001439445
14,"a person makes small steps foward, turns around, makes quick small steps back, then stops and turns around.",M000830,9.950000000000001,0.03227199524557811,0.32110635269350224,13.306180767244761,277.95900168731265,8946.015040785713,0.11388266086578369,1.5546739101409912,1.9295399345372182,0.14521499152013756,0.015230164751611102,3.096547309018741,3.080493055103361,2.7962123688013834,3.7243334846386134,2.596591840369562,0.10994972582645164,0.01696152778802234
15,"a man bends his legs slightly then takes a medium-length jump forward, raising his forearms slightly then letting them hang loose on landing.",012806,2.6,0.01301003857511431,0.03382610029529721,9.276091052342126,174.64405546083196,5404.171338820147,0.5515687465667725,1.9083216190338135,1.6078239378006536,0.20032305555829985,0.08008267640562118,2.7160089139353194,2.6324922815600598,2.5524227104696133,2.891712159670964,1.8206478395069465,0.1429190999465843,0.026305820910119296
16,a person walks side to side with arms extended as if dancing,003707,9.9,0.043870819844903375,0.43432111646454347,12.36383893065976,255.6777207644215,8091.255689199424,0.09391415119171143,1.62368905544281,1.8417975221537894,0.1585322046877934,0.030811656306042785,2.9120950012277294,2.880434290807002,2.640422780766937,3.6920694462400427,2.435766719552119,0.1357334579468814,0.007046824383563043
17,this person appears to stumble as if fleftened.,M000650,9.950000000000001,0.02519065819896632,0.2506470490797149,11.742116072129514,246.54048816025772,8091.6826839979185,0.0771627426147461,1.6295815706253052,1.9474726004711842,0.14263410979655247,0.015230164751611102,3.0216338827029907,3.0055869848203787,2.9109947353679155,3.8310599848344977,2.6702167371039542,0.10712409995691624,0.017934214231207214
18,a person is walking forward and dancing at the same time. they are throwing their limbs out in sudden movements and shaking their legs.,M007217,9.950000000000001,0.02270420631006648,0.2259068527851615,14.19468398980774,289.13132857561436,8893.823198242595,0.3594469428062439,1.6461371183395386,1.9335077806906893,0.14463994238231764,0.015230164751611102,2.96360094778181,2.9475576549514115,3.1098930376909606,3.7882647243124565,2.5803303719233757,0.053399748957001066,0.009785595156886191
19,a person throws an object with a fast arm motion.,006681,3.9000000000000004,0.012304103551566982,0.04798600385111123,10.373467941698236,187.23350361479876,5684.136202200966,0.14714306592941284,1.690969705581665,2.007180368044756,0.13436700654521105,0.08008268709493066,2.9987888100564724,2.91644611160843,3.2484225759137786,3.6312205723308315,2.45826462102027,0.6723120003434053,0.05190556598992627
20,"a person holds their arms in front of them, and makes a quick punch with their left arm.",M006584,2.8000000000000003,0.009961195072079808,0.027891346201823465,7.0235325129116815,207.61046888989884,7087.81100127184,0.038160741329193115,1.5124046802520752,2.0718636957377474,0.12595082880987174,0.0741479454658407,2.7028993779724195,2.625601530153636,3.3491130152433635,4.048806921036341,3.0959268248713125,0.6402761317791492,0.03813781937991487
21,a person does a small 180 degree jump turn then turns back around to the front.,008202,9.950000000000001,0.005183234853686405,0.05157318679417973,7.319410015091888,135.91453463250517,4221.723967264056,0.4397360682487488,1.8257635831832886,2.0104290836408167,0.13393119465319894,0.015230164751611102,3.0225776799196193,3.006661902854565,3.3080218675595927,3.8122740366171883,2.7500610499454714,0.1499952499483425,0.01861071753014358
22,a person walks forward at a steady pace,M003320,6.6000000000000005,0.02063150939870976,0.1361679620314844,5.809678798892071,138.16226569182334,4847.720068310268,0.10495668649673462,1.639584222517442,1.8911803724802565,0.15089359303188543,0.5521084714468144,3.4664941887902394,2.912230225374382,2.069664245004508,3.2768024862908063,2.1998131679994084,0.6182022219914823,0.03412797294440988
23,"person starts running very quickly while swinging arms right and left in front of him in a very fast, violent manner, then speeding up before stopping.",M008223,4.9,0.01001956496791366,0.04909586834277694,27.582578409436312,701.5801276963647,23221.230153961915,0.15627753734588623,1.6406476497650146,2.0700485666673125,0.12617965343097523,0.06321888910318825,3.140887781894583,3.0759316983324134,3.5810699066726164,3.8082614569968642,2.6323418789426727,0.24831583035501392,0.010361091041146664
24,a man walks backwards and the starts jump roping.,M003448,9.950000000000001,0.012471040491223502,0.12408685288767385,21.733560621197242,550.2163303407498,18182.970964798962,0.3295806646347046,1.7235748767852783,2.1676533242266145,0.11444586938599334,0.015230164751611102,2.8084136109683917,2.7924005254343682,3.768964629452625,4.437979592566266,3.2552904507655143,0.25115564757160874,0.011791972302532837
25,"a man bends his legs slightly then takes a medium-length jump forward, raising his forearms slightly then letting them hang loose on landing.",M012806,2.6,0.013125025470538483,0.03412506622340006,9.286709202430005,174.73099225583803,5405.253116428003,0.5564439296722412,1.9129111766815186,1.607254668162132,0.20043712585702336,0.08008267640562118,2.707210095745806,2.623693049017794,2.5535667350732507,2.892209829993278,1.820847994032425,0.1517190096779473,0.028707955350933442
26,a person squats down and then quickly makes a small jump straight up.,009294,2.4000000000000004,0.007975730878832826,0.019141754109198786,10.33628055697037,214.8416732432016,6513.389274470683,0.5633408427238464,1.865220308303833,1.8443316802954315,0.1581309676243841,0.08705133989269734,3.2589845045364605,3.1682085685434735,2.7342180414009802,3.1543905542642743,2.08583108041488,0.22554834397634174,0.04042100933434164
27,this person is jumping up and down as if to jump rope.,M013223,9.950000000000001,0.008467488361942485,0.08425150920132773,22.39392411998006,616.1166880740989,19979.790741328183,0.27135705947875977,1.7409147024154663,2.078972711203085,0.12505861754936698,0.015230164751611102,3.1447478650945078,3.128768652252511,3.392507213791172,3.912155547614971,2.8378366946450693,0.18182513859122168,0.018710412883618972
28,a person is dancing quickly and having fun.,009417,9.950000000000001,0.023100268300822773,0.2298476695931866,19.968752877136883,399.71243857705673,12612.025880672607,0.03952127695083618,1.5593535900115967,2.0492658492242377,0.12882944911823166,0.015230164751611102,2.9696351788442827,2.9535912538594546,3.453887962952876,4.069022131550852,2.8230405478470444,0.09368711638524528,0.016032437602537673
29,a person is salsa dancing.,M003970,9.950000000000001,0.022902783291697128,0.22788269375238646,14.388545097859643,323.6112502207873,10872.574601039138,0.07017332315444946,1.7069611549377441,2.038568616592962,0.1302149650864065,0.015230164751611102,2.97248067746266,2.956437076739212,3.234233220974388,4.143738599415326,2.9455279253348268,0.009943535719149613,0.030957732346526944
30,the person jump and punching back and forth at the same time using his left hands nine times and stop.,008067,6.45,0.013258562646208524,0.08551772906804499,11.534609478409179,290.4278611027532,9461.224240697778,0.17320191860198975,1.6672108173370361,1.8345556516320265,0.15968444152695102,0.7009691643283176,2.8683822024676955,2.164866102938427,2.7445851506784105,3.247471804551318,2.1735566845979295,0.7086899419028376,0.06792416159127261
31,a person walks forward with stiff legs.,010348,4.4,0.04163371782809311,0.1831883584436097,10.276558456625258,212.44644165115994,7106.148989878769,0.07128697633743286,1.4919541968265548,1.7943333956886305,0.16623823054131318,0.04656000560288184,2.644607316672517,2.5960784630565406,2.630109019365434,3.6448022859870624,2.664246240357759,0.07345826503649676,0.05480556943035356
32,he uplift his right hand and moving it fast again and again.,000049,9.950000000000001,0.0028023864028666294,0.027883744708522964,4.272110037754256,70.78578940397696,1736.1577254694296,0.013867735862731934,1.620513916015625,2.2462371811659114,0.10579656984948221,0.015230164751611102,3.9530179426780214,3.9372518387052833,2.9330564155041343,3.6230939333275107,2.1779181414663533,1.314640112620605,0.015688900273771397
33,a person taking a huge jump forward,003820,5.15,0.02193350392231668,0.11295754519993091,7.766208436295195,116.99896789074415,3332.4467057865572,0.9117403030395508,2.0311179161071777,1.35828739984187,0.2571007108486543,1.1690326553798633,2.5282974847534128,1.3540778408044543,2.1086621182345624,2.151655656844221,0.9621948725979986,0.5265112286315322,0.06586734148891374
34,coming forward with small dance.,M005713,3.3000000000000003,0.05017001937596737,0.16556106394069234,14.20687166282137,249.39821150689738,7528.139906945007,0.07427126169204712,1.579750418663025,2.0214392366838343,0.13246467979399132,1.088419715418706,1.9482390744431064,3.035819630292291,3.448995523091608,3.8725611209770023,2.5740661614779343,0.12084419636126607,0.08256847140876375
35,a fast pace stepping forward with dribble hands then takes a shot.,000923,5.75,0.042667348985241084,0.24533725666513623,16.90512438611024,326.5060527428907,9751.047121813117,0.8430858254432678,2.7247397899627686,1.8504114878012858,0.1571724784478274,0.02647325320264942,2.619808052650291,2.5918635507017207,2.952132513770292,3.5416923958536883,2.4140372362595257,0.45427997400445597,0.2030049259676629
36,a person doing a fun dance.,003130,8.200000000000001,0.006619847604414646,0.054282750356200095,9.129821578309254,134.45479396110636,3590.271853759409,0.2103012204170227,1.5644687414169312,1.95639373912904,0.14136731017494616,0.024732610336612608,4.179330415854172,4.153686197599167,2.5276782849567385,2.6401986001634117,1.2952057897426625,0.8108302242544821,0.019487790125071576
37,a person throws their body forward and then to the side in an expressive way,M013354,4.9,0.01778407635305794,0.08714197412998392,13.395137074349435,282.97597721792965,9223.459422626767,0.2307807207107544,1.9390190839767456,1.9787774274752274,0.13823814019391945,0.06321888910318825,2.9101394018299778,2.845149619755112,3.1708861539370785,3.873286634452048,2.7038037172384954,0.21622578313252563,0.047509220353394874
38,a person made a quick jump forward,M007045,4.45,0.014670525517250173,0.06528383855176327,5.498347241200611,107.69217592960318,3397.5225991738735,0.44676220417022705,1.7641520500183105,1.6241807892314237,0.1970730534613576,0.05785955830318954,2.535159154214925,2.4753622156326616,2.671949463607154,3.058200814971183,2.0182107971246754,0.17054508534084428,0.006159224656756977
39,person moves body in fast turn then rights something out of left hand very fast,M011079,9.950000000000001,0.024138857714760105,0.24018163426186306,14.020271175122913,265.9575619856196,8175.621886284355,0.23828470706939697,1.862788438796997,2.004993715238482,0.13466114200600968,0.015230164751611102,3.0409668855800356,3.0249215025480454,3.0462342260910704,3.813640241871233,2.708348713226852,0.2279474575448543,0.16266053029415312
40,the man is dancing using both legs and arms,003356,8.6,0.013665727793267572,0.11752525902210112,13.094662837328773,239.4927428877772,7312.799971749147,0.15064167976379395,1.8449511528015137,1.8999514876368941,0.14957587532580396,0.023570495436904364,2.783503964378482,2.759001590120264,3.23184518433596,3.567548849147311,2.35148887772489,0.45687402452804726,0.025778915423293493
41,someone seems to be dancing,M003249,9.950000000000001,0.0243483775229193,0.24226635635304705,12.09214673840385,263.22880872850305,8291.087901728357,0.1573237180709839,1.653771996498108,1.8704394048354427,0.1540559540095317,0.015230164751611102,2.6832541112717316,2.667207665059305,3.056316494189145,3.6446656854300064,2.422035849668913,0.4490401743855954,0.02576509392723266
42,the person walks forward at a steady pace while moving most of their left hand side of their body compared to their right,008072,3.45,0.053271564304701424,0.18378689685121993,11.205253179185226,248.17015075333447,8203.923650094835,0.09567451477050781,1.6290934085845947,1.778492040189756,0.1688926386503135,0.07526339938018764,2.821873368071274,2.7440149462520464,2.4223814582951877,3.5193311959692015,2.3866196614533064,0.24892914885165562,0.009523143245189868
43,"a person is dancing, arms held up as to hold another person's shoulders, moving back and forth in a counterclockwise pattern.",010209,9.950000000000001,0.01889879378225793,0.18804299813346642,7.304420169032369,179.3848710891083,6292.343900046271,0.13774406909942627,1.5919029712677002,1.9632277104130158,0.14040450367986027,0.015230164751611102,3.0981225007456534,3.082087082516344,2.719504116699757,3.8916194615088067,2.8343655100227463,0.0647217660838087,0.00017108097540026533
44,a person doing the i'm a little tea pot dance.,M010532,9.1,0.0021179249562144446,0.019273117101551447,6.498412155157315,94.781764260899,2046.6763997189162,0.02267545461654663,1.7276052236557007,2.00029582442137,0.135295253675911,0.033562689087865985,2.8960118162939064,2.861898763549641,3.7603631249683263,3.8762810220919635,2.1637792950968033,0.39674764156481934,0.013722242717635395
45,"person does light bouncy jump, skips forward with left leg swinging forward",014294,3.4000000000000004,0.015621951081587152,0.05311463367739632,9.042216312154908,224.00336155303464,7730.091924529076,0.13456445932388306,1.6326687335968018,1.920616175244329,0.14651665437519798,0.06066460422160839,2.8776803844044982,2.8144509087875185,2.8787128738683725,3.7358670822846665,2.780562591676798,0.20454755588176152,0.012443400829407739
46,"a man stands up straight, then lifts both arms up over his head and bats them forward in a tired manner.",M011060,8.4,0.010618913131638128,0.08919887030576029,7.161565424970257,141.5677532835824,4548.850982653677,0.034479618072509766,1.7984001636505127,1.9605263723784399,0.14078429644925022,0.024137549470603523,2.7749618655881823,2.749885338150466,3.221343732792644,3.908282407805896,2.699761912171202,0.2625471042302484,0.043291068818276233
47,"a figure gestures as though it is digging with a shovel. the figure stops dancing around 7 second mark, and seems to place a plant or tree into the hole it has dug.",002216,9.950000000000001,0.0022987256353177534,0.022872320071411645,4.531664665687693,51.49875220245322,1240.9222065828108,0.0334201455116272,1.5864808559417725,1.866226089790932,0.15470640960318416,0.015230164751611102,3.3550376066472256,3.339334318468204,3.066422681597656,3.168104553953255,1.7850134094526766,0.19638556791088485,0.004280415545942367
48,"a person takes slow, wide steps forward.",006376,7.15,0.01681480092375023,0.12022582660481416,4.461708178146585,106.99087961824398,3785.3448560890142,0.03972733020782471,1.5689520835876465,1.8843130395610526,0.15193339582012444,0.02124220544790734,3.0022872987477744,2.979902525472593,2.502018432493736,3.8093034916736013,2.7412882400513134,0.0078393887135757,0.010622733887918939
49,the person is walking very slow,M011265,7.5,0.01897427901082743,0.14230709258120575,5.122445892519288,112.59579010010808,3868.459759922087,0.05190068483352661,1.5732916593551636,1.812731911092061,0.16320765839844847,0.040861989759165857,2.97473368210986,2.932756966833998,2.450764949548273,3.5985376178587085,2.4945507044450057,0.0023923409044188885,0.007257037277057225
50,the person is standing up. they raise their hands up with fingers spread like jazz hands. hands and hips move back and forth like it is dancing.,001938,3.5500000000000003,0.005184509358163078,0.018405008221478926,13.270841435969666,305.6804686588236,8229.281804860064,0.02121347188949585,1.5348166227340698,2.075267627092667,0.12552282968758363,0.04321216022596228,2.026286560719738,1.9807410050403051,4.412767945930919,4.743083295292468,3.3480594298183193,0.021337519698029876,0.026653100015594608
51,a person scamps around as if doing a victory dance.,004771,9.950000000000001,0.026111009002550544,0.2598045395753779,16.624998015414235,267.29356282507973,7915.2268707054045,0.2833332419395447,2.0252020359039307,1.8752526192973786,0.1533162313138319,0.015230164751611102,2.740912021881383,2.7248633837090828,3.0891535369241656,3.690947255778282,2.4900009913869607,0.19249489275894963,0.058418707188594654
52,a person takes a quick step backwards towards their right hand side,008726,4.0,0.00556560413318709,0.022262416532748363,2.6041435888661897,72.32001500664984,2570.52297087577,0.029221832752227783,1.5795406103134155,1.8969278391240403,0.15002882463345305,0.05133328201915379,3.1142959023745567,3.0608960839877293,2.747749452500512,3.4903807808500997,2.563721322778596,0.1448181141611827,0.002227774320490931
53,person is doing different dance moves,011896,9.950000000000001,0.0069580627368188595,0.06923272423134766,9.566655069630468,138.3571323977795,2689.0376835445095,0.04867321252822876,1.8653135299682617,1.9174440915033906,0.14698215538608522,0.015230164751611102,2.798036906191584,2.782077440672775,3.6037979708621948,3.861608752071255,2.0821097727049,0.17960947796377774,0.017082246809026355
54,"a person walks forward at a leisurely, somewhat slow pace.",009778,9.950000000000001,0.004927395200766708,0.049027582247628744,5.999186325252912,146.25739858712168,5237.626073979076,0.0236242413520813,1.5445481538772583,2.325493941450563,0.09773515668170274,0.4105428519194495,4.1390724970992805,3.7274459568081175,2.868611813208484,4.1621180834398475,3.134335308342664,0.13629510359831873,0.025529917188342226
55,the person is doing a russian dance,014455,9.950000000000001,0.01443637696008719,0.14364195075286754,14.516470442199285,288.4634120984584,9057.428594847639,0.6133735775947571,1.590144157409668,1.9041243566066803,0.148953015257567,0.015230164751611102,3.3240738019852016,3.308052999913224,2.8193693176691967,3.3643563328670263,2.3620025923180976,0.03285703700628965,0.0070526063427983395
56,a man does a little dance.,004348,9.950000000000001,0.025143654946313345,0.2501793667158178,14.628416895017256,312.7935278461113,10190.412802786195,0.04945206642150879,1.5824825763702393,2.0272386772186906,0.1316986820865658,0.015230164751611102,2.9496816013122107,2.9336346371389226,3.1807003475539055,4.071503709865416,2.8457506874811345,0.21945921647279595,0.0019490531735296864
57,a man performs one quick jump into the air and lands on his feet.,005131,5.8500000000000005,0.007248942573462305,0.042406314054754486,5.637085861494428,75.50688428281775,2013.199548142087,0.8197132349014282,1.9153512716293335,1.5938641098930222,0.2031391412432613,0.04371505666428354,2.933966891839863,2.8888709604902787,2.5585920507197533,2.6887340144941425,1.4136806728628957,0.21062243251270762,0.012730799560253256
58,a figure take 2 quick steps forwards,M002300,6.0,0.011839006910607634,0.07103404146364581,3.7333597417105495,94.01909224984054,3230.172391768788,0.03113710880279541,1.574939489364624,1.8270037031372528,0.16089493524482434,0.032749816653078294,2.380818799932891,2.4122874682513764,3.12519776649295,3.802935991027345,2.697179644906497,0.15926331621722956,0.005596821616656817
59,person bends down and keeps legs straight flowing arms left to right before turning around and doing same back,006771,9.35,0.016140024897906474,0.15090923279542556,11.688362672441398,259.516962080146,8682.112285621863,0.18483132123947144,1.5622925758361816,2.0390930653933594,0.13014669190863112,0.01621285829749402,3.0107398600812756,2.9936734022742115,3.3555431716966804,4.046103918060555,2.866267338475203,0.012282517704291597,0.011921456557162025
60,the figure appears to step over something with a slightly awkward walk before turning so that we are seeing their back.,011392,3.8000000000000003,0.023775646309666634,0.09034745597673322,10.529503176405417,193.12495645829293,6217.661753943905,0.05804997682571411,1.589120626449585,2.0741034522355526,0.12566904530365786,0.4895081226575857,2.744859529645275,3.233051488645673,3.139556319011087,3.8302154254130953,2.669386773183751,0.4859546722505156,0.00029528707743840886
61,a person walks forward at a fast pace with hands moving at the wrist,M010971,9.950000000000001,0.0065928742323783825,0.06559909861216491,17.718826381708094,533.6625343976638,18929.72462818328,0.04374796152114868,1.559506893157959,2.5956245363599617,0.07459927156532596,0.015230164751611102,4.752310481071892,4.7363648609556925,3.047471124361753,4.578534547161222,3.465188070091257,0.15530096511389044,0.014596077372370158
62,a person walks forward careful to avoid something that is on the ground.,M010764,5.75,0.03153305437266328,0.18131506264281388,7.260909573429494,168.24483739229785,5619.1045277659705,0.10234767198562622,1.569189976042253,1.818040475370731,0.16234355565480993,0.02647325320264942,2.9416155496603604,2.9136779108290565,2.421085332846178,3.6521538812180183,2.4639229893931027,0.10965578161441429,0.015739104202069237
63,"a person walks backwards, lifts their arms up, then down, then up agiain, then bends down, places hands on the ground amd dows a jump on to their knees. then they stamd up and step backwards",M002823,9.950000000000001,0.020883132897680876,0.20778717233192473,12.299860535574553,240.4511539241191,7551.585423871231,0.5185272097587585,1.7646980285644531,1.9540704707310548,0.14169612619521735,0.015230164751611102,2.842213311419785,2.8261730086941625,3.1406533827835457,3.9232090135218844,2.7001151809350477,0.14924377060748023,0.03572593313492278
64,"imitates a ballet dance. right hand steps behind left, hands cur under than both lifts poisely.",010645,9.950000000000001,0.005468794950628577,0.05441450975875434,4.392157595127327,83.07056461097427,2559.482758593134,0.061352670192718506,1.9026767015457153,1.8887018297215041,0.15126805312020913,0.12286081734796678,3.9080205083715014,3.7843734676403487,1.946904497198467,2.3117366749002564,1.1797683634062828,1.7538304788446815,0.10211983006252881
65,dancing backward moving both arms.,013705,5.300000000000001,0.036460660443533105,0.19324150035072546,28.360706870493306,836.6616155868879,28915.74029771865,0.13294613361358643,1.7198156085796654,2.084087009587543,0.1244206631986541,0.09011107993572362,2.0755592691393847,2.164251954808137,3.862441592384964,4.6226120562364,3.5054245021163037,0.31238897864730475,0.03990664343212373
66,the man is jumping jump,M012534,3.7,0.00988600172847072,0.036578206395341664,29.01288370940141,812.2113193965791,27599.011691028318,0.20099222660064697,1.9800418615341187,2.275871957463991,0.10270731297109459,0.14522196840230137,2.8403431039933578,2.6925832832521057,3.9331561115940437,4.453816266102191,3.529025787298021,0.3887793821263497,0.22404975694355753
67,"a person walks in a slow clockwise circle, stopping in a standing position.",010747,6.550000000000001,0.032525279804142146,0.21304058271713108,12.581617865747004,239.2696962560345,7448.799681839293,0.04556757211685181,1.5649302005767822,1.9402280613625689,0.14367118019598984,0.023207056497061836,2.94885481186436,2.9243695119754425,2.8620436909698164,3.8614832815084013,2.6489278668212255,0.23882531155219658,0.014112959712046989
68,"the person steps into a martial arts stance, kicks and thrusts its right leg forward, bring itself back into a martial arts stance.",M001853,9.950000000000001,0.00855474893209309,0.08511975187432624,4.737879226317046,79.75198239956443,2424.739387696151,0.06768006086349487,1.5917789936065674,1.5128014753437402,0.22029197017391605,1.422143498435883,2.8907098764481827,1.465189159688491,2.2497909397695737,2.338405727925521,1.2970466634703073,0.4357863916237649,0.0033395453881992516
69,a person is ballroom dancing with someone.,001367,9.950000000000001,0.02881433409542621,0.2867026242494908,16.554770239764114,331.47595462179027,10369.42572946971,0.07699531316757202,1.5914002656936646,2.0143204161519006,0.1334110365516354,0.015230164751611102,2.722548361392086,2.7064966622410727,3.4246076200229805,4.124515576490414,2.9148899859382675,0.1936944887882863,0.012580469590487893
70,the person is jumping rope very fast.,M005997,9.950000000000001,0.009619015835835111,0.09570920756655937,21.798834559394887,562.3422280352559,18333.336550675565,0.21977722644805908,1.7314273118972778,2.0826257266801194,0.1246026098925369,0.015230164751611102,3.3654155488482047,3.349424963295377,3.355392082053283,3.7151204480079008,2.644852125760246,0.18995384806844207,0.025616632655889798
71,the person is doing a quick punch kick.,013303,2.3000000000000003,0.020087336856329588,0.04620087476955806,28.221705663637092,692.8304056429873,22109.46886140406,0.09155064821243286,1.7382042407989502,2.6269196124312972,0.07230083415782852,0.9249085314554092,3.1228062762745687,4.046303578809623,3.6044478747149316,4.462563489135184,3.340129373920979,1.4371994308113951,0.0769983443282854
72,the person is  slow punching the air.,M003644,2.5500000000000003,0.007081963155847839,0.01805900604741199,8.331512722753901,72.52061851641639,1093.2231162291564,0.00691676139831543,1.5394922494888306,2.0097268569021067,0.13402527774919842,0.1476759371993382,3.822044248132607,3.6706573190711103,2.9141151572234203,2.361799266080433,0.5837069171292155,2.554094610562512,0.023721399818218455
73,person is hopping slightly up and down very fast with their hands up in the air,002688,4.6000000000000005,0.0037963638453983304,0.017463273688832322,13.895671309233384,352.2533101719188,10584.380770306152,0.10714703798294067,1.7912553548812866,2.471420470150185,0.08446479402873863,0.044491753480343316,2.9133576821455103,2.867165255581057,4.230931440308028,4.773122298514588,3.542335474854097,1.3911596305266827,0.008800225791173899
74,"someone starts stumbling towards the left, then starts to stumble in a figure eight position to realign and halt before completing the figure eight.",M000722,9.8,0.030488246012286613,0.2987848109204088,12.70404520918495,247.97243794434047,7793.817288274677,0.04935479164123535,1.5671590566635132,1.9562210740807762,0.14139172147580903,0.02065928587274001,2.945994752320382,2.924494940034302,2.933907224885139,3.8334721297738636,2.614125157593501,0.3663674737544232,0.010747628411860045
75,the man raises his hands and waves then fast in the air.,012038,3.3000000000000003,0.0014963102262405545,0.00493782374659383,28.6159599838438,864.4148668283754,29404.340714149374,0.0054662227630615234,1.6267051696777344,2.859266401875933,0.05731078793439047,0.09535015028799174,3.391133573162381,3.293452368648071,5.1479151520240425,5.648786379422195,4.551858317329564,0.7142817800813301,0.031353494051887816
76,moving fast on the at front,008882,4.2,0.0406841280734336,0.17087333790842113,8.868988299123947,194.646241701851,6320.0396107338265,0.11897462606430054,1.5869507789611816,1.7380500619863606,0.17586298842227083,0.048830153054694056,2.9908529000213138,2.939955030033182,2.28881039188121,3.2286754438550327,2.158234790521618,0.24895704075302857,8.474577080606323e-05
77,a person picks up a heavy object and throws it with both hands.,014423,7.95,0.015424910376807438,0.12262803749561912,9.749740738690585,200.93919258932772,6255.242607271952,0.2638097405433655,1.7463138103485107,1.8923011244686854,0.1507245734696509,0.019088193346623084,2.7569875997056434,2.736883542989498,3.0804074223774327,3.7762027884300275,2.6204178419603195,0.1135384003604349,0.034883206579504056
78,"a person walked backwards, and grabbed something and start jump",014274,7.6000000000000005,0.015248442181143454,0.11588816057669026,27.054073253495073,602.2921961679898,18746.405261072992,0.4585173726081848,1.8051891326904297,1.9807468828042987,0.13796615427200917,0.026708244320589887,3.0559227688459965,3.0281420400344374,3.328907241330773,3.6734365324260976,2.494258534245893,0.2321522916134131,0.006447409617185477
79,the person took a small jump forward.,M008896,1.85,0.019129353686530248,0.03538930432008096,10.838453123590432,208.1315938053551,6637.0333024036045,0.4528007507324219,1.8113837242126465,1.5860889763708552,0.20472473128940735,0.14522192616010798,2.82603024309235,2.675609154875152,2.3781431872770433,2.7898240008345017,1.796468606598199,0.07501160451220959,0.002403087617280414
80,"the man is walking steadily not fast but not slow ,swinging his arms down word right to left right to left one foot in front of the other now one foot in front of the other.",010232,3.35,0.051438123227825205,0.17231771281321445,12.657530490177638,267.14542808103477,8612.68351688155,0.09560465812683105,1.571142315864563,1.8531546367890015,0.15674192173327442,0.04584952282628196,2.6844182897641926,2.63597391572421,2.6701533986970096,3.7774816636230906,2.6388723939887706,0.3640681887295117,0.00841972095894445
81,a person running and then crawling before returning to a run.,001858,4.6000000000000005,0.049506557546272444,0.22773016471285326,15.116419297894163,307.1182029314936,9808.633058310357,0.6390774250030518,1.5587587356567383,1.8420626303504053,0.15849018207141924,0.47538361366430415,2.0581819866415065,2.532452499676884,3.3859729914682912,3.6942186767011513,2.289372651483351,0.2720423543791697,0.02887626878858436
82,a person does a small jump,M008884,2.2,0.004499064222849575,0.009897941290269066,11.58456411997044,248.82675584673385,7908.606116790663,0.518346905708313,1.8928483724594116,1.9063970997377517,0.14861486772208676,0.09535013512982182,3.442885864671555,3.3434779929694325,2.812548671675458,3.1704371797228403,2.1455871742389996,0.19788006297260383,0.04300971652130211
83,a person takes a jump rope and starts jumping rope.,M003811,9.950000000000001,0.00986608068382833,0.09816750280409188,18.08113430816855,471.20776721536714,14928.518750313237,0.3460994362831116,1.7350707054138184,2.146339926488012,0.1169112795256206,0.015230164751611102,3.080573810792572,3.0645799285004234,3.5355824653230905,4.228303676910758,3.140098022178904,0.10574388395668252,0.0006074594900526933
84,a person is doing the waltz dance,M010209,9.950000000000001,0.018728766782965534,0.18635122949050706,7.308000492789996,179.44920416802273,6293.648942653939,0.13650482892990112,1.5904232263565063,1.9646582507681025,0.14020379296792548,0.015230164751611102,3.0375428902978716,3.021507749545467,2.778324434279786,3.9048225151254927,2.8422431927803276,0.11638817868390305,0.0012068806803609456
85,a colorful animated drawing moving around as if it is dancing.,M011467,9.950000000000001,0.008203643085839114,0.08162624870409918,25.43105757853197,754.5955896527287,27141.534961787896,0.03563183546066284,1.1623202562332153,2.67851232337511,0.06866522986504041,0.015230164751611102,3.3400873860595834,3.3241122789510964,3.947656514402185,4.425518478966536,3.143978382437311,2.905461722984363,0.326053658448192
86,a man is dancing around in a circle.,003054,9.950000000000001,0.01904369907594988,0.18948480580570132,14.830767601707265,282.96297972350055,8951.5048665215,0.07323247194290161,1.7431161403656006,2.0262091503526096,0.13183433923735982,0.015230164751611102,2.896217798197983,2.8801815580774637,3.3611247898934455,3.9810159440717983,2.735980197700546,0.32729291935098925,0.012629830777039582
87,"person shakes hands as if playing a drum, it begins fast and ends slow.",003058,9.950000000000001,0.000740029251676998,0.0073632910541861305,4.018217598613855,50.99288471402195,929.3097021607281,0.004605889320373535,1.5666685104370117,2.0849298906235445,0.12431583556597525,0.015230164751611102,3.6504910511842197,3.6355932919556446,3.3434895958309805,3.1652064003659577,1.3093152368496142,1.5533474244884293,0.006765959561898547
88,"a person leans over and uses their arms to carry something heavy, stumbling forward with small steps.",007790,9.950000000000001,0.01817689286252654,0.18086008398213907,8.186310436443433,190.8197921413924,6799.364277440612,0.21800071001052856,1.4852886199951172,1.9743337576047815,0.1388537917154395,0.015230164751611102,2.986983152459155,2.9709492771777644,2.966056655534924,3.846587737680074,2.852125520039332,0.09602882687789159,0.060708726317500544
89,a person run fast across a room,M013310,0.9,0.22062285321875413,0.19856056789687873,31.909475989135967,729.4880937915898,22717.236319903517,0.08352655172348022,1.541479229927063,1.564057675466154,0.2092851347995149,0.11782289751767787,1.5827322251577212,1.4544376302734354,2.9423215449940137,3.3436968603776616,2.294360496119702,0.7518259380372485,0.025263811251772076
90,"a person reaches back with their right arm and throws something forward with a lot of force, then they steady themselves to remain balanced.",006783,4.0,0.009120774183629068,0.036483096734516274,10.605448368522046,184.97942735591278,5400.024339222413,0.11775416135787964,1.686874508857727,1.9757079997204028,0.13866310404247612,0.13972190897514533,3.137785140052367,3.275772348931007,3.1840584698363315,3.5394421702785244,2.2694788476821643,0.2525855829691159,0.006819529038566038
91,"person squats with both knees bent, bringing hands together at chest, then straightens legs to jump straight upwards but lands slightly to their left considering their beginning position",M002926,4.0,0.008715129902975464,0.03486051961190186,9.59614411146085,166.26854433687944,5012.430452441701,0.692249059677124,1.9782944917678833,1.789983509436713,0.16696292295698661,0.05133328201915379,3.0535434591083632,3.000096838148104,2.842064656065405,3.10243915062893,1.967657621708095,0.23836177342473328,0.06437129439091765
92,person faces forward then jumps to their right then they bend they knees and jump spin twice before standing still,M004622,6.4,0.009782502093232889,0.06260801339669049,12.637800020879682,245.9076793610601,7526.831317460362,0.49681371450424194,1.8400732278823853,1.9450945075428077,0.14297371060549996,0.1451419879350204,2.9017754653338157,3.0458721049698383,3.2567141340056605,3.601722660063289,2.5007250062454554,0.09372777266240793,0.015076929126973565
93,a person doing a jump pose.,010375,8.65,0.01426570297521019,0.12339833073556815,10.873988848452766,203.92017867249487,6251.067135480378,0.5294039845466614,2.140712022781372,1.921737856136221,0.14635240158047347,0.02936761244909708,2.6135354720079733,2.583232768106011,3.251675503471456,3.856102536540313,2.700657615318015,0.30701565012633975,0.03231569107056532
94,a person dancing with left arm in the air and bouncing back and forth,M009018,8.4,0.009364692317304786,0.07866341546536021,11.76798771429281,280.85543426567136,9381.796906046486,0.08835214376449585,1.5629222291754559,2.1783073402856914,0.11323303351428574,0.15411066202451806,3.277629946019629,3.430980373326616,3.2737366340130425,3.8163395500523216,2.7056376879581165,0.6801416023077241,0.08788226658356169
95,someone is doing jumping jacks in slow motion.,009633,5.45,0.009884799108061098,0.05387215513893299,34.15164662648478,1046.7098779439577,37006.670797092345,0.27569812536239624,2.096177339553833,2.1267918599797504,0.11921915273157915,0.309361181831536,2.7201191804359843,2.4087500300616034,3.6000632534584107,4.316858477292829,3.412463309715444,0.1891402950056518,0.057579152036547
96,"a person does jumping jacks, spreading their arms and legs out and in with each jump",000342,5.800000000000001,0.005631128376274721,0.03266054458239338,18.81582094688844,458.8274317494938,14437.530890967213,0.2605433464050293,1.917984962463379,2.056455746652882,0.12790650052210523,0.03513131444651402,3.6840481464504937,3.6475709106896375,3.0301118995235203,3.4899346294942815,2.453104832842052,0.10726822326531212,0.004476016511245107
97,"a person is with their hands on their legs, knees slightly bent, and they sway from side to side and then straighten arms out to the side.",012737,9.950000000000001,0.000606645811546484,0.006036125824887516,0.8062032562730678,6.864677309202152,103.38192389413642,0.024950623512268066,1.314538836479187,2.146182607429761,0.11692967334482567,0.015230164751611102,5.853744819390898,5.8391411074487,1.0766862578765832,0.2708502341068256,1.5956331406791557,2.3378562179066433,0.180318917277669
98,the person is running forward very fast.,M007320,0.8,0.1807955268309734,0.14463642146477873,30.084595811655735,658.3247761380668,19140.508369673407,0.04428362846374512,1.5536926984786987,1.5861271974624975,0.20471690663622563,4.000075001948079e-05,1.9874137482404302,1.976901264324326,2.716551042514603,3.146368899551414,2.000417780635449,0.8444019900276692,0.01692285365607019
99,person takes fast steps forwards,M004547,4.25,0.0344086608041045,0.1462368084174441,8.289015598209065,175.90770567411772,5809.94953026459,0.5956370234489441,2.0522074699401855,1.7981588725459299,0.16560350487581324,0.06066460790057699,2.9237035570714656,2.8609744814178755,2.3459644862385596,3.0559185227685104,1.9178038216250888,1.0214166454235811,0.19882485792177979
100,person is doing a dance,M014556,5.300000000000001,0.011886089518471902,0.06299627444790108,9.650888235596032,102.60371012877043,1897.3542153010148,0.30562084913253784,1.5916765928268433,1.5941718095720918,0.20307664501022277,0.05830889759524431,2.5525208222436757,2.4926068713784932,3.1525275353107,3.0350220485522925,1.3347230374022925,0.11871058898535244,0.008954675108683658
101,a person practice ballroom dancing by themselves,M009575,9.200000000000001,0.018180638457518706,0.16726187380917212,5.814917195888268,143.8724636758173,5099.791633337171,0.05924868583679199,1.5800832509994507,1.9478073975310777,0.14258636430892246,0.022018905098893447,3.0307981122170795,3.007899513309217,2.6886181499144803,3.837120618572859,2.8319807835903337,0.15886099027622422,0.005162107269534355
102,a person is jogging / walking fast but not running in circles,M003614,9.950000000000001,0.0809426165767687,0.8053790349388485,24.776094923727424,537.1334761687752,16916.416552242074,0.13835996389389038,1.5408321619033813,1.8805400044971727,0.15250772865755494,0.015230164751611102,2.6795548858004876,2.663484369453909,2.9382590685426617,3.8644793215208564,2.7111173012968868,0.14693778558129283,0.025257139029673074
103,"a person jumps repeatedly, throwing their arms above their head and stretching their legs with each jump.",M007367,9.15,0.005164698144786263,0.04725698802479431,23.867897949980517,616.4137819977811,20372.23419238161,0.24620068073272705,1.9274059534072876,2.0312146346672564,0.1311760933143519,0.01656930092529398,3.2609874451310192,3.2436576318690244,3.1534779546272733,3.744828269801684,2.7827428712625744,0.030549167353988615,0.01690443636719141
104,person walks slowly from upper left to bottom right using handrails to steady their steps.,M005146,9.950000000000001,0.010147378652771747,0.10096641759507888,4.4885868818882395,85.18744751151593,2847.80366432516,0.1163908839225769,1.5561224222183228,1.672024886870817,0.18786627228890204,0.015230164751611102,2.925112917826305,2.909115940772447,2.7395703052220646,2.8262604281815102,1.5860946907298679,0.3531991427986589,0.021615504684070405
105,a person walks forward and then starts dancing.,000505,9.950000000000001,0.025888071450046967,0.25758631092796735,13.777777206506343,287.0122257432803,9319.201972447003,0.10471928119659424,1.7525629997253418,1.9977604357295449,0.13563871495207003,0.015230164751611102,2.869105438034777,2.853057346599423,3.2090463749853178,4.052019952516348,2.82134961895557,0.06677440856421789,0.09550018142909437
106,a man walks backwards and then makes a large leap forward.,M007518,9.950000000000001,0.024346719515440852,0.2422498591786365,8.263263461569293,154.67177380065732,4595.118999270424,0.43677806854248047,1.8723679780960083,1.677298544057888,0.18687813780322435,0.4730631991252228,3.413538361450688,2.939165922053266,2.045861446384243,2.7102334384662026,1.5923706151298536,0.19229789702692787,0.0518574728267026
107,moving the hips and shoulders side to side making it a little dance.,M002360,9.950000000000001,0.010534014239515036,0.10481344168317462,10.724419075815893,108.3771485768877,1790.3127352471863,0.08523714542388916,1.5144630670547485,1.8576946326205657,0.15603192696811916,0.015230164751611102,2.8591527949196722,2.8431524270998496,3.447536807314184,3.444477429733872,1.6603718136447574,0.5461868942033844,0.04544872929719594
108,a person lifting one leg bent at the knee then the other the same way in a fast running in place motion.,000069,2.4000000000000004,0.012762242846035684,0.030629382830485642,22.125254518786186,681.7920831899853,23400.83097832181,0.11083346605300903,1.6023035049438477,2.0993107326842595,0.122540862562141,0.40542496843041376,2.7060474362678293,3.109196974097619,3.5032167223891384,4.0580930161591,2.9221585809663986,0.06202321114525359,0.0283249520183232
109,"a man dances throwing both arms up, takes a step to the right and then a step to the back whilst continuing to dance with his arms.",M001325,9.950000000000001,0.0092668395637084,0.09220505365889858,9.719217267226329,196.93755485719944,6087.970361752648,0.17343080043792725,1.9322677850723267,2.0591055859258502,0.1275680175145961,0.015230164751611102,2.9752518482685337,2.9592630963520707,3.421184087388251,4.026754239414178,2.806615142359605,0.23587651059759868,0.03266959827495176
110,"a person waddles around like a penguin, then waves with their left hand, their right hand, and then a quick wave with both hands.",M008868,9.950000000000001,0.01263745544912217,0.1257426817187656,10.916767271456516,236.01446580762735,7365.112362789544,0.0394018292427063,1.5533732175827026,2.111575069603238,0.12104715850502512,0.015230164751611102,2.8801660210493396,2.8641523395772874,3.480417762329457,4.2300571257748105,3.0069823714875374,0.3905232809108804,0.02507149094498037
111,a person appears to be doing a dance.,012036,9.950000000000001,0.02087008593558849,0.2076573550591055,21.326397051094602,450.043178259921,13729.827715924734,0.1728074550628662,1.9340189695358276,2.4303413625197035,0.08800678523618621,0.015230164751611102,2.9590375017403447,2.9429975008911855,3.9051405352905486,4.860527548720756,3.716505616288204,0.8473352149450436,0.19595681752993577
112,"a person jumps and spins in place, then when they land they run forward, stop, and run backwards",005656,5.45,0.06601791095863642,0.3597976147245685,21.562344454088045,467.3162501725025,14545.481940400825,0.3771892786026001,1.7471064329147339,1.7659342059795022,0.1710269374429859,0.046996975058647646,2.700696506630228,2.6521072197982956,2.7630866994722,3.4737758181828924,2.4047416942083246,0.07664973110332256,0.009419003382105797
113,a person takes three quick steps backward.,M007713,3.5,0.02090766593191579,0.07317683076170527,5.906978867357375,134.07567439349438,4491.852861638622,0.07142871618270874,1.5646857023239136,1.7853547500221354,0.16773754554626027,0.08965213269150163,2.9798788387618385,2.8876516103182532,2.5319802333164416,3.4183640437669762,2.30109434501354,0.05731092876211547,0.016905867546414172
114,a person sets something down on the ground and then walks with big hip sway in a diaganol direction.,M012824,9.950000000000001,0.03655080797348194,0.3636805393361453,9.674281035623578,206.63611836333797,6920.370381422107,0.2342492938041687,1.6366956233978271,1.7282074315629958,0.17760248941197312,0.015230164751611102,2.002356748167557,1.9862971725416023,3.1238815440701253,3.6473353049662927,2.4521190382935347,0.5570738540542504,0.0413656256589941
115,obstacle courses sometimes require an athlete to run in a backwards motion.,M009201,6.65,0.048896998751231775,0.3251650416956913,17.139721995721715,422.4664116249438,13837.222672682235,0.27480649948120117,1.6995247602462769,1.8190521434223843,0.16217940091521563,0.038358859221848424,2.758253627144389,2.718608112092849,2.737288473589623,3.620509356781327,2.598604523500789,0.0713114623080378,0.009482732740209585
116,a person is running forward at a steady pace.,M002631,1.35,0.16527322350605236,0.2231188517331707,22.274852479773887,501.1325534374511,15150.400903142232,0.09705305099487305,1.6143641471862793,1.5095187364282454,0.2210163194715026,0.11782294383055042,2.151322527223744,2.026532276928747,2.5052206254733806,3.184728695697534,2.0725690772142045,0.0007014118715607026,0.017252333186242377
117,"a person makes slow, wide steps forward.",M003414,8.15,0.021720610930644473,0.17702297908475245,5.0826149004711585,125.90079599185742,4549.738377919964,0.047195494174957275,1.5902064995730143,1.881475299442931,0.1523651556340599,0.15214775883401116,2.7164502425941777,2.5631490592653727,2.666580196654741,3.973714482416457,2.93682149405312,0.039622819079977285,0.003316342645590754
118,"a person turns towards to the right, picks up a heavy object and turns and set it down in front of him.",011288,9.850000000000001,0.002570176217749193,0.02531623574482955,2.548675061553817,22.274105299903905,619.9328134196925,0.07027214765548706,1.5826293230056763,1.8159339151282374,0.16268590259540475,0.0257483548622377,3.12367545913028,3.097392845209676,3.127828838634291,2.824877609175831,1.4738751404780273,0.8510923812695472,0.0029806922660097295
119,a person who is standing with his hands by his sides takes four slow steps forward.,M007408,5.25,0.023167799823208032,0.12163094907184219,5.82270836518586,142.9828457261075,5084.537939320271,0.05637174844741821,1.586283802986145,1.8647093418098655,0.15494123828054987,0.048830155437645247,3.0436686694805872,2.993203743327593,2.3927369642179688,3.6855246006439315,2.6291024038454247,0.12393071431004776,0.0006774832157267628
120,a man stands casually with his arms to his sides than takes 4 slow steps backwards starting with his left and then stops.,012842,4.75,0.01821853174699503,0.0865380257982264,5.742363427376601,147.50357889643442,5294.6983212692085,0.03292733430862427,1.5960113160326728,1.9382583328734597,0.14395445230567083,0.032128308477838846,3.0084994208862184,2.974599081139748,2.6296898255375942,3.8725431813349926,2.8253976485424843,0.15749287759537398,0.005716319473428837
121,a person bends over and does a standing jump forward.,001959,3.9000000000000004,0.025153585961665625,0.09809898525049594,12.54277629225903,203.37172759672478,6023.458063099314,0.7104636430740356,2.0076968669891357,1.644513446390912,0.19310649660285217,0.08008268709493066,2.5018831127350474,2.4195101171555247,2.68878972919936,3.1379534913849727,2.065483543556576,0.2283256049867189,0.034079285014164594
122,the person is dancing the cha cha .,007787,8.25,0.012004951689739116,0.09904085144034772,5.086507822491881,120.33844238471639,4235.790406878307,0.04346078634262085,1.589052438735962,1.8012081173661236,0.1650993083463564,0.1721291653626945,3.699150472526667,3.8705003033465792,1.941185905604841,2.592644015924752,1.4906864075200819,0.6428658296330547,0.0005028390103178854
123,"starting with their right foot, a person sidesteps fast back and forth.",014393,9.950000000000001,0.060587982904212724,0.6028504298969166,16.266260733823994,409.0569621121982,13516.440194488665,0.32037222385406494,1.6301255226135254,1.837259358785312,0.15925328468369435,0.015230164751611102,2.433261210017301,2.4171938874739065,2.9546019870687363,3.8333047759245984,2.838099277936919,0.20029135392891526,0.006092213180508543
124,"a person squats deeply, then swings themselves into a forward leap.",M003830,4.15,0.02848614827536103,0.11821751534274827,13.054160694758293,199.65270675704355,5843.32184291393,0.835557222366333,1.9186540842056274,1.6198519876040438,0.19792799271207925,0.03685396487659505,2.751582670683025,2.7126681562675716,2.561455208061226,2.911589156612233,1.866509753830102,0.09346273122915172,0.024694259272445458
125,the man is doing dance waltz,010842,8.25,0.020055334384682714,0.1654565086736324,7.462129937411061,186.17717960818533,6602.638710756794,0.12107425928115845,1.5890450477600098,1.9590526343715173,0.14099192857780524,0.030811655673896415,3.0065208610086565,2.974708651283017,2.776702574298287,3.962950732971733,2.9155070606729994,0.004845567843935294,0.000373971219615155
126,"a person is dancing and moving towards left, raising hands",001382,4.3500000000000005,0.01009936547506936,0.04393223981655172,17.406245777821734,427.519530873254,13367.628711163901,0.034205079078674316,1.8555828332901,2.2367892643173435,0.10680086381670639,0.03513131239158876,3.2715291746141837,3.234485144420806,3.6700891638439987,4.384552120092768,3.186470591933772,0.01517263973489577,0.09688396750673449
127,"a man is hunched over, and he brings his right hand over to join his left as he makes slow stirring motions.",M010287,9.950000000000001,0.0019188550294833972,0.019092607543359803,1.6574496351412205,16.427772153141458,504.6955582360199,0.04273974895477295,1.4537566900253296,1.717385565543701,0.17953491713474087,0.16938082757138848,3.373218198161407,3.203297702177093,2.7816428903051142,2.4562397486914853,1.232142220631081,0.44107586543383526,0.08208707137820209
128,a person is sprinting fast,M006988,0.8,0.22712370468544354,0.18169896374835484,29.0196912193145,628.066414904303,18284.944213263632,0.07950246334075928,1.5870600938796997,1.438272993459033,0.23733728799922024,4.000075001948079e-05,1.7592867595220212,1.7487745576585965,2.6805123771593196,3.0993164264066992,1.9546888350171816,0.25923903484426,0.004325956314165151
129,a person walks forward at a relatively fast pace.,008956,4.4,0.005536975571986729,0.02436269251674161,15.496381215942256,436.2928621135638,15608.031492016753,0.06816434860229492,1.5790780782699585,2.5174081086982767,0.0806684197978697,0.04656000560288184,4.9754919565141495,4.927084434895771,2.8330250723876587,4.1781658714230705,3.0758224776456076,0.10133941735398605,0.0017756337630858883
130,a man dancing to salsa music,M002232,9.950000000000001,0.028963032382343067,0.2881821722043135,19.13997532781653,362.27184730492365,11384.960957868283,0.06564635038375854,1.6082721948623657,1.9959249746092405,0.13588790315744603,0.015230164751611102,2.8299334913485272,2.8138818498407008,3.304369314344454,4.06703907995686,2.8796407352485422,0.056583369693602226,0.0007217916896248134
131,the figure takes a few steps forward and does a quick spin (180 degrees) on their left heel and swaying as they step out of the turn.,006700,5.45,0.025000284596032384,0.1362515510483765,12.959650863117712,268.9586549087049,8734.926345261018,0.07464808225631714,1.585736632347107,1.9973368237073534,0.13569618531410704,0.046996975058647646,3.075676497606233,3.0271068329306154,2.955213007664791,3.994843919844804,2.8697915890744654,0.006554810190420169,0.002510957288849382
132,a person is walking forward and dancing at the same time. they are throwing their limbs out in sudden movements and shaking their legs.,007217,9.950000000000001,0.0231480169277381,0.23032276843099408,14.204842055793069,290.7101455310247,8999.181379639613,0.3664732575416565,1.647532343864441,1.9051651009558348,0.14879807388981,0.015230164751611102,2.78054135900241,2.764496943461915,3.1732920036668197,3.783560863214662,2.601135513195525,0.10352436463475505,0.01953959571898095
133,robot turned back and climb on to something and jump started rolling on the ground and stands up.,003837,7.15,0.04965236921462407,0.3550144398845621,26.875792226590406,557.5537796005166,17381.935489389853,1.6364960223436356,2.337679386138916,1.859607429416098,0.15573375486045227,0.02124220544790734,2.7636370524389178,2.741219893271637,3.0572951552341494,3.376040993425854,2.1198338573883464,0.5107240027198037,0.28686627540216586
134,the person jumped with the kick spin.,M010570,5.1000000000000005,0.040518229993371374,0.20664297296619402,27.716261063133764,541.1544285091724,16550.835816580286,0.5135218501091003,1.9838057936285622,1.8934825718228936,0.15054660547172208,0.06066461035322305,2.4328360345908737,2.3704519183724106,3.2636927356260332,3.7128797871779273,2.6993772077553664,0.38416169281778184,0.22379658788953136
135,a person is dancing while running.,M009817,5.800000000000001,0.02291644836400041,0.13291540051120238,17.03371140542928,446.1790931017662,15085.327570861444,0.19514191150665283,1.783823847770691,1.9641907784190744,0.14026934968614954,0.4228967608654465,2.827638132688077,2.402580102427047,3.1928950739043516,3.8001011679493595,2.690815961701282,0.3021288065374914,0.074470221279542
136,a person walks forward at a slow pace.,M012759,5.3500000000000005,0.01892164927442238,0.10123082361815974,5.030615543441628,118.537596228902,4093.117451596967,0.20194846391677856,1.7422008514404297,1.8009019721708222,0.16514986044410032,0.02847793072105884,3.1390473442496027,3.10900667978448,2.310424849152942,3.291646624887814,2.142177478748288,0.3592363207239327,0.02719854909845865
137,a person who is standing with his arms by his sides takes four very slow steps forward.,M007874,7.6000000000000005,0.012338688043220039,0.09377402912847231,3.8570609186742333,94.11080629745554,3404.020651784456,0.023340046405792236,1.5853990316390991,1.9226133726676067,0.14622432370881003,0.23642874376987078,3.527730627022941,3.289980389630005,2.1335170552548024,3.397912827880707,2.309171420642205,0.48595063743545575,0.0002152797048656158
138,a person walks straight forward at a fast pace.,M005014,4.05,0.04049368041229758,0.16399940566980523,8.253537777898519,180.70507678386647,5938.9213532672775,0.07140666246414185,1.581235408782959,1.9925236952142307,0.13635088279770252,0.3240096474876405,2.3290034601561964,2.651540594827171,2.8918426785872913,4.051399619885585,2.8935275455889666,0.7958488403684256,0.0030171748125699086
139,a person sets something down on the ground and then walks with big hip sway in a diaganol direction.,012824,9.950000000000001,0.03628748583434785,0.3610604840517611,9.635948951471125,206.42612740395305,6912.238803933781,0.23256170749664307,1.6379386186599731,1.6322807739094742,0.1954832122848633,0.015230164751611102,2.1466394375137288,2.1305804652376477,2.959866382867123,3.3215898142543043,2.17960550076679,0.2594973566067551,0.045237069277833164
140,a lowers their arms and uses their left and right hands to steady themselves as they walk forward,M005570,5.8500000000000005,0.022961556895845524,0.13432510784069632,5.758985961645228,103.73799056428022,3446.9945878606395,0.10874205827713013,1.5843256711959839,1.684452998875623,0.1855458980172551,0.04371505666428354,2.940183154831712,2.8950131023193406,2.4098141727128977,3.065347378679357,1.852257062284301,0.2533493468744866,0.01594471663860404
141,the person is moving someone or hands around dancing.,002010,9.950000000000001,0.021332766895480363,0.21226103061002963,12.997604145746674,236.18029749492365,7357.896885110256,0.07210445404052734,1.5649319887161255,2.0043657104074213,0.1347457364138137,0.015230164751611102,2.8470602059021144,2.831019060056467,3.33822904428428,4.099317254649632,2.831021046128318,0.06193629154488336,0.01111261594206847
142,a red and blue stick figure is standing and mimics the “walk like and egyptian” dance.,003724,3.4000000000000004,0.0012806386961164435,0.004354171566795908,7.94300879046994,129.6286876770063,3050.291305656466,0.009971678256988525,1.5850995779037476,2.0967450911654857,0.12285566214563645,0.06066460422160839,3.5285929719949953,3.4658559800716127,3.518073796315282,3.737539409848571,2.2661901341794906,0.19252948513432844,0.00451434755799536
143,a person kicking with their right leg twice then kicking once with their left leg in a fast pace.,004425,9.950000000000001,0.013555276669561122,0.13487500286213316,16.14562440785517,271.66620459695355,7813.704746411539,0.13273537158966064,1.5927977561950684,1.8591729042103338,0.15580143980667008,0.015230164751611102,2.7104491232726478,2.6944302052014857,3.3616630443895072,3.6440007660031575,2.4053332156912037,0.024807671244294616,0.017469043128761484
144,a person walks forward fast.,007734,5.0,0.03345594921574477,0.16727974607872387,6.481823833074539,140.73189832007844,4597.876612010415,0.07650357484817505,1.5695551633834839,1.756857139333244,0.1725864274421982,0.11328866308555759,2.7838665734256556,2.8956884492166433,2.3808797598394538,3.5105469368316156,2.359716173524502,9.901660409372253e-05,0.010771542138432563
145,a person takes a quick step forward.,M006534,4.95,0.008787845552557051,0.0434998354851574,2.689299296831414,65.006703065,2194.4424672216346,0.05357170104980469,1.5817772150039673,1.6449167167336394,0.19302863817983584,0.4362766570826693,3.436786699608077,2.997990654080968,1.8909817847786645,2.5821968851813,1.5471114769807384,0.2676841577967733,0.0003054183599213677
146,a person jump once on the spot.,006497,3.7,0.00737037866504653,0.02727040106067216,4.184887819696005,92.01757098167916,2994.6492086048797,0.2625545859336853,1.708502173423767,1.419828229541369,0.24175553979067757,0.51991527579263,2.747264765693238,2.2236485063497753,2.103942370788663,2.308454692096938,1.2857425951971961,0.1330396198964791,0.03661801051603292
147,"a person does the ""i'm a little teapot"" dance, making a handle with his left arm and a spout with his right arm.",M007213,9.950000000000001,0.0020344682662924813,0.02024295924961019,1.9349061621107013,15.089920346597594,396.87592057007004,0.018040835857391357,1.6658645868301392,1.7559429780033633,0.1727442714166645,0.015230164751611102,3.3720271073296617,3.356373109591549,3.0897174118412245,2.8305502406897722,1.2560767982722685,0.09498520235471401,0.0325837891961049
148,the man is walking at a quick pace with his hands and feet swinging and appears to be in a hurry.,M009848,9.950000000000001,0.08222217168982163,0.8181106083137252,22.678920423153127,477.6441591371436,14993.285580539905,0.13663852214813232,1.6118825674057007,1.7901826406183494,0.16692967874293838,0.015230164751611102,2.918818822092165,2.9027483040393283,2.581541292371967,3.458064554595576,2.3002572927551164,0.13528588008985307,0.009514814251177629
149,person is slow walking down.,M000794,4.6000000000000005,0.017830352341087333,0.08201962076900174,9.935415650191853,204.86653172329756,6778.756839667967,0.05823659896850586,1.6198325157165527,1.8325006671866129,0.16001292797213237,0.044491753480343316,2.8537425063291115,2.8073964023137123,3.01286311123694,3.56805851988999,2.3424618383886635,0.020445356316357813,0.01054584953778481
150,"a person lifts his arms up in front of him, then mimics punching the air a few times. he then lowers his arms, and trots in a quick clockwise circle.",M010980,9.950000000000001,0.027004576663918173,0.2686955378059858,13.497381872030232,270.49364138387676,8521.989069836342,0.24345773458480835,1.7025680541992188,1.8665092319246608,0.1546626119010476,0.015230164751611102,2.817404018638469,2.8013544719585464,3.0192078162402365,3.6552178219380123,2.5493405310209662,0.07109668971428659,0.003222341135156569
151,he is jumping very fast.,M000354,8.950000000000001,0.01415985280504646,0.12673068260516582,25.029634430769825,525.5718215939704,15447.18997090553,0.5549743175506592,1.9121062755584717,1.9340356633598241,0.14456360961261505,0.016941809693559268,2.622106139247785,2.6042750915181916,3.497698740934745,3.8776668508216257,2.636975441629649,0.15458830412924876,0.06203292890379061
152,the person is doing the chicken dance.,M011883,9.950000000000001,0.006261614929761054,0.06230306855112249,11.303727447793365,217.22256394756246,5490.360555637942,0.358343243598938,1.5850245952606201,2.4714914575707856,0.08445879830369203,0.015230164751611102,2.3869539939455042,2.3710035887153147,4.487830325782953,4.79218491660009,3.263786788790052,2.448733452564721,0.006208429416039204
153,a person is running a steady pace on a treadmill.,002722,9.950000000000001,0.007845037833064393,0.07805812643899071,20.57869301552799,447.59862850346383,14461.996091865867,0.12827551364898682,1.6026804447174072,2.339693662386682,0.09635715152957111,0.015230164751611102,4.966830309823429,4.950863294684902,2.7392512263635953,3.480221256653413,2.450673879390859,0.10100326020143768,0.013475907224208656
154,a person who is standing with his hands by his sides takes deliberate steps on a treadmill.,M013257,9.950000000000001,0.0048831646308733654,0.04858748807718999,7.371625422288596,179.96347879041295,6377.560356120545,0.029140830039978027,1.5503278970718384,2.3846276136766424,0.09212327864166296,0.015230164751611102,4.4842862010020665,4.4683874413342375,2.76294014375544,4.148915677137146,3.0173119926151912,0.15826582534164463,0.021683463475804222
155,"the person does a little side to side dance, barely lifting its legs and bringing them down quickly, while shimmying its shoulders up and down slightly.",008997,5.0,0.006573639706310048,0.03286819853155024,5.9951229993772,99.09660008050832,2562.7106309337423,0.06562870740890503,1.621433973312378,1.6930375879391955,0.1839598801264084,0.04086198697861107,3.0405845653299255,2.9981008833279192,2.960546424567212,2.887092409504802,1.4371836306863324,0.1691420443970384,0.010788758721723328
156,a person bends down to pick up a heavy item from the ground using both hands and gives it to another person.,004718,9.950000000000001,0.00999758282739793,0.0994759491326094,5.309800346969985,70.70128675902289,2181.823247561618,0.2096889615058899,1.560752272605896,1.8046564160055292,0.16453097707714764,0.015230164751611102,2.7321029640066907,2.716106218000592,3.0233196986744586,3.4938103139612586,2.2806825020589367,0.1653588947541606,0.010640571836525267
157,a person readies their jump rope and then begins skipping rope.,M010463,9.950000000000001,0.008128982900825697,0.08088337986321568,21.763517290682845,603.4187045682012,19463.23007605834,0.24798375368118286,1.7319198846817017,2.188423373132372,0.11209333874192409,0.015230164751611102,2.9193654764196064,2.9033892937083037,3.827566605387722,4.356841442129137,3.2364521737105414,0.2299909645044476,0.018550864447600634
158,"a man is standing up, then bends down to take a big jump forward, leaps forward, and then stands back up straight.",M010252,3.9000000000000004,0.024885691646426716,0.09705419742106419,12.83289034844262,214.35629295620794,6491.649412691518,0.7057169675827026,1.9840868711471558,1.6475838057890964,0.1925144995430934,0.08008268709493066,2.624998758838231,2.5426263313535875,2.6411564716690816,3.059108602191654,2.0633432434010706,0.1391311776528638,0.03022317411135219
159,he does a run on the spot,014359,9.950000000000001,0.007238015176944425,0.07201825101059703,16.546788044446565,409.676601596163,13220.647177257611,0.1442158818244934,1.6592042446136475,2.123922158253576,0.119561767505946,0.015230164751611102,3.045857559747094,3.0298950577654598,3.614130044941484,4.199541493868693,2.9770080935528176,0.10120200747793093,0.00851284392351467
160,"a person dancing in certain rotating motion, then raising his or her hand up",M001382,4.3500000000000005,0.009962412136862204,0.043336492795350595,17.40078920374032,427.4187090415621,13365.629367186555,0.03374123573303223,1.850295066833496,2.23805876523975,0.10666536604704678,0.03513131239158876,3.2851799748947177,3.248136992830719,3.6697762188490892,4.384318396385371,3.186377378994224,0.001519599121550512,0.09403024845073853
161,the man takes a quick step forward starting with his right foot.,M013684,4.0,0.011401128081708676,0.04560451232683471,3.941642231262736,85.19704335805575,2848.5704137673,0.09830677509307861,1.6096223592758179,1.7878821585313966,0.16731413953169194,0.05133328201915379,2.690165128605639,2.636697839748891,2.802650450814557,3.3526295553951573,2.3016052532241473,0.44897641458646353,0.01899934385716405
162,a person runs forwards and comes to a slow stop.,M002788,5.3500000000000005,0.03575309800335069,0.1912790743179262,8.046095654764857,181.21055843536942,5896.416253088555,0.13873112201690674,1.5888831615447998,1.5885943720718967,0.2042124568208262,1.6771357485843055,3.5053397727082367,1.8198577096865483,1.6177498331299387,2.2805153492248014,1.2447817020331144,0.5618952323454842,0.0014796288627441352
163,a person is dancing and waving their arms,009034,5.7,0.002995965702353284,0.01707700450341372,6.596485727232997,72.68893429638055,1460.6039345186166,0.053772032260894775,1.5848219394683838,1.940151424662796,0.14368219110300695,0.05410721231630245,3.71170882625599,3.656325731056154,3.2139506049798694,3.0628103405789195,1.3754197133013324,0.44358090118989624,0.0033080676239049273
164,"a person takes some purposeful and quick strides forward, then starts to slow down.",014335,4.25,0.03661672270882704,0.15562107151251492,7.895170197222417,175.10205724790245,5742.791479028945,0.08326774835586548,1.5652042627334595,1.6568547891448735,0.1907379487332725,0.6585014041026328,3.6196781223541334,2.9574019139193997,1.6102951971943422,2.6291094536339163,1.4636723915049898,0.2920319961500127,0.024147834299564158
165,the person is doing a fancy dance.,006193,9.950000000000001,0.03414785390124458,0.3397711463173836,13.744708043780768,300.4357284237962,10136.844670500177,0.12209975719451904,1.6213371753692627,1.9338846937739924,0.1445854359684011,0.015230164751611102,2.6257976136264096,2.609741183161599,3.1885587895936385,4.09316591444639,2.8791180115683486,0.038229650942594576,0.021236222101346677
166,a person holds their arms out and makes steps as if dancing.,M011283,9.950000000000001,0.010418224357149515,0.10366133235363768,4.247341840060423,92.97760590859406,3199.1114713146817,0.046395719051361084,1.593246340751648,1.8892802796564045,0.15118057742732283,0.015230164751611102,2.9560657456900286,2.940066728737478,2.827440518031532,3.69036036049619,2.5913335046098176,0.08763150759748066,0.006113707337097931
167,a man walks forward fast.,004034,2.8000000000000003,0.04775339999610549,0.1337095199890954,9.861283806010878,220.18904026896985,7406.06608425961,0.21931201219558716,1.7144278287887573,1.7728104445847632,0.16985494946557697,0.0741479454658407,2.8610485207690055,2.7837029982942165,2.3545554043530745,3.4847844036382885,2.4417499085180223,0.10847398220103986,0.0740203934386179
168,a person walks with a limp,M000517,9.950000000000001,0.019935903992265348,0.1983622447230402,11.25856635577665,242.31801173568994,8351.94089630359,0.20914989709854126,1.453072428703308,2.0110555386692535,0.13384731905773123,0.015230164751611102,2.9632281953998367,2.9471901192818946,3.111558205590519,3.997664901982525,2.957051049679258,0.014320963968590816,0.08220070869979328
169,the person seems to be 'beat boxing' and drops to the ground swinging his left foot over in a circular direction and using that momentum to to propel himself to spin over his right shoulder first then his left so he ends up seated again.,001288,6.4,0.022686203983285188,0.1451917054930252,25.597755826926363,544.9359763409732,17106.170439052054,0.7948844879865646,1.5712296962738037,1.9752756592244964,0.1387230666788457,0.03178869406782796,2.6610778323152755,2.627978751941608,3.562563706708777,4.060144158075111,2.798384940775029,0.05423311874540633,0.006034071166937629
170,"a person jogs forward, does a little dance then jogs back.",006921,9.950000000000001,0.04007318802773065,0.39872822087591997,12.810579630416935,249.41192117232933,7820.85629801727,0.1278497576713562,1.5700552463531494,1.8355468241991562,0.1595262451020417,0.015230164751611102,2.627231141874357,2.611171100351006,2.9055414411077383,3.7889879333227108,2.624518939411462,0.10298259583335369,0.008711276941010059
171,a person walks forward really fast.,M009693,2.6,0.08557363510480018,0.22249145127248046,16.1850347975812,312.85606723456914,9904.574161117409,0.13509833812713623,1.6259340047836304,1.6327936587752758,0.19538297761038512,0.08008267640562118,2.884210598369084,2.8006564366638727,2.2135166434139806,3.095324146778514,1.945311326417125,0.026259721731898774,0.01698772042210981
172,a person walks forward at fast pace.,M004746,3.75,0.040961476608927856,0.15360553728347948,8.869577391769887,202.04740206165403,6777.985853833782,0.07181119918823242,1.5551667213439941,1.6794916585639459,0.18646874173865807,0.4463269534118247,3.4441969707304407,2.9944090520835576,1.7868622475504514,2.815469261393536,1.6582601688016603,0.26360755945480807,0.026801055085286515
173,person is dancing arounds arms up.,M001710,8.0,0.021597842228013052,0.17278273782410444,15.478159491028546,305.81260574225513,9855.311597600665,0.11743658781051636,1.890509843826294,1.9513920569357086,0.14207615576539628,0.02535780557405495,2.6763748258721805,2.6499858051318994,3.256281204191433,3.83469320179798,2.6506080450304674,0.4799508589715236,0.037884708916129106
174,the person moves his arms around in a dancing motion.,M002281,9.950000000000001,0.004486809697000501,0.04464375648515499,8.356760927198993,107.82934829944355,2384.492940463645,0.09007465839385986,1.5869476795196533,1.9212505970904596,0.14642373048842902,0.015230164751611102,2.932970874783044,2.9170798065698404,3.516701337143659,3.6700478135757546,2.079033175953303,0.23224005811669768,0.006701545829766813
175,a fast limp on the right foot.,006162,9.05,0.027170072739103556,0.2458891582888872,8.661655052925939,195.6779266722221,6483.3760519582,0.06799960136413574,1.5292092561721802,1.8376059335552657,0.15919810107636612,0.028053033884024126,3.0289607525922366,2.999991457294552,2.5892653107167436,3.5759154425823656,2.4295314464880224,0.01391389578124696,0.03521612910293544
176,"a person walks forward then steps to the right with a quick little stutter-step further to right, then immediately to the left and continues to walk in their original path.",010694,7.050000000000001,0.02410428275489339,0.1699351934219984,7.862656348673793,195.53949943560158,6788.416287860281,0.05662822723388672,1.5768119096755981,1.8232461741087127,0.16150063989829788,0.5667731483383005,3.277174193519503,2.708349858260018,2.2255379393181864,3.1714002974223106,2.205499044498131,0.42490159413328926,0.006333317379963589
177,robot is performing different step of dance and moving left right.,004059,9.950000000000001,0.01915384706287271,0.19058077827558345,6.858421997017971,172.52412229994965,6102.752032444832,0.050187110900878906,1.5913734436035156,2.000615674399694,0.13525198641184102,0.015230164751611102,3.0828771792400316,3.0668411233140564,2.7392064197335944,3.91994780261061,2.9388555765866284,0.2413064280392034,0.0006607009218216542
178,person walks fast on the spot,004272,9.950000000000001,0.006482353410543263,0.06449941643490546,17.525925255369515,528.5085623094599,18678.39655225803,0.03991216421127319,1.5577588081359863,2.6018696732581725,0.07413484062874975,0.015230164751611102,4.801686111326552,4.785742854516361,3.026568198928852,4.594445375576623,3.4763580995427783,0.09916383983961685,0.01576274158298483
179,the person is doing awkward arm movements to the head and then down in front.,M003023,9.950000000000001,0.0011740074786745188,0.011681374412811463,6.112237488574419,126.13563218356926,3837.882930673048,0.011484503746032715,1.7941269874572754,2.2966245231509705,0.10059783693870707,0.015230164751611102,3.172989559893636,3.1576425085272604,4.065409921456764,4.474425493182797,3.1781393501621222,0.2874647565382303,0.021694430695341195
180,a person takes a couple quick steps forward.,006480,2.2,0.04864758172061632,0.1070246797853559,9.925788983380027,232.10573851049637,7640.452572848384,0.05719536542892456,1.5721988677978516,1.7422449702411287,0.1751268045119789,0.09535013512982182,2.693043108681701,2.59352807625798,2.502163054825158,3.541411318711711,2.4019989244989453,0.10177404929699059,0.008691094526720579
181,person facing forward does 5 small slow steps to the left then 5 slow steps to the  right,M003431,9.8,0.014482295225622926,0.14192649321110468,9.147153117828632,263.7998759572233,9421.15171778399,0.021347403526306152,1.5810576677322388,2.115888765684518,0.1205261224552668,0.02065928587274001,2.909564719108185,2.888095629543496,3.392467647736475,4.318496445286613,3.209566495398428,0.1877294742335532,0.0005304282966577442
182,this person holds his arms up as if to dance with a partner.,M012684,9.950000000000001,0.02590090275584419,0.2577139824206497,9.37811646951768,233.3806848296835,8319.955697951515,0.12281519174575806,1.6300050020217896,2.0477164049150516,0.1290292179003581,0.015230164751611102,2.548396158766509,2.5323473072914706,3.253719396861894,4.3592116362706035,3.2552420952139434,0.4046771817037961,0.01290729846058279
183,a person breaks into an enthusiastic dance.,M000411,9.950000000000001,0.023826360493114398,0.23707228690648827,28.114417945473946,587.0790697371621,17474.13469168603,0.5777345895767212,1.7327710390090942,1.9460023272329388,0.14284397515295033,0.015230164751611102,2.8133310807599727,2.797285702795326,3.4114153332119286,3.7862718552328394,2.596982575776556,0.08431285488160421,0.0631890504536705
184,"person walks fast in a semi circular motion clockwise, then rapidly in a straight line.",000843,9.950000000000001,0.03409505595406966,0.33924580674299315,12.449391330790986,294.17564142150576,9411.90759492315,0.08045303821563721,1.6054213047027588,1.8736832632487928,0.1535570279672118,0.015230164751611102,2.8673637378370267,2.851307754264178,2.9256174319104256,3.7406992928518443,2.5649029253398115,0.014902709861470805,0.009442089173973317
185,a a person practices a salsa dance routine by themselves,M002375,6.8500000000000005,0.025293490340478685,0.173260408832279,13.557451247524227,261.71763842931614,8340.91351258018,0.07061409950256348,1.7041093111038208,1.9833103891464088,0.13761293010017497,0.03721899850596541,2.9301673721861636,2.891716917089341,3.1503440137510554,3.956642009767057,2.754357154978322,0.14369025812110456,0.002346388772261327
186,a person appears to be dancing like a chicken,M013738,3.7,0.009837982489203442,0.03640053521005274,17.7423448048664,435.89039699330533,14665.161840243198,0.020083189010620117,1.585789680480957,2.4846881079835836,0.0833515471405347,0.6375372011977265,1.7868746543613256,2.423280379828571,4.933836412564342,5.515162566780703,4.405356973509536,0.16916428317208976,0.006292392454372148
187,"a man shakes his wrists, jumps backwards with a spin, and then finishes by spreading his arms.",008733,9.75,0.016594852350783732,0.16179981042014138,14.390650696631354,289.9572573340782,8940.399849556225,0.4876546263694763,2.352107286453247,1.8662458906140342,0.1547033463192627,0.015544185729255682,2.7546462925950137,2.738284315670827,3.1342055057606575,3.490795078534833,2.3513426421905184,0.3159717125775786,0.12917739185358984
188,he does a walk run,M003180,4.0,0.03587680038765953,0.14350720155063812,9.78051367298279,213.8187726218014,6853.414030904256,0.11760103702545166,1.6271501779556274,1.7510041755663392,0.17359953148713775,0.2231834896017481,3.203486451470325,2.9777154630190092,2.2755873525112693,3.1810372415618886,2.0613598001927467,0.06865010021354122,0.01701350596018579
189,"a person takes two slow steps forward, pivots on their right foot 180deg, then takes two more slow steps forward.",M008689,4.6000000000000005,0.02271449346129274,0.1044866699219466,11.193453613691595,217.5278759279399,7205.373803263832,0.047808170318603516,1.6036241054534912,2.0289844144130638,0.13146897136441196,0.04251960456913924,3.2666545588704676,3.307469677428802,2.7336944458027133,3.65536491213319,2.570609856409645,0.6459361076553161,0.009626152435239992
190,"a person walks forward, then dances backwards and then begins a spin in a clockwise direction with arms raising",004323,9.950000000000001,0.02177270577048853,0.2166384224163609,11.775146752622364,264.9413063117597,8796.681600509128,0.06730908155441284,1.7253398895263672,1.9895537926507296,0.13675643355909137,0.015230164751611102,2.8908614867171654,2.874819640787035,3.1712491734632358,4.07720173798515,2.854242551924615,0.029697492816753324,0.003128092760269798
191,the person was walking really fast.,M012272,3.1500000000000004,0.0493406983184033,0.1554231997029704,9.989808231426021,211.2736949432998,6794.193820542304,0.09574979543685913,1.5861517190933228,1.7014222735273006,0.18242388279681113,0.048830149083108794,2.875100795937298,2.8235020599222955,2.322218704968809,3.324190053133401,2.1692809470888066,0.04735721303159148,0.0008982650530933945
192,rising the hands and like tired.,013233,4.1000000000000005,0.0010565533209139063,0.004331868615747016,8.127488189598036,117.93318213501064,3058.4423367070785,0.018971264362335205,2.0548617839813232,2.207775194475525,0.10994498282174138,0.07602588851196593,3.8232302891989156,3.745708979683073,3.6484438082997297,3.626744560798469,2.0569924188141253,0.5915076515363267,0.09354795896159351
193,the person took one jump down.,M011697,6.25,0.012799947554757309,0.07999967221723318,4.149180821634177,64.43660824822287,1836.398005557297,0.5086168050765991,1.7530983686447144,1.2398171859818363,0.2894371262667699,1.1394739439684975,2.5062636407169636,1.3626764348796274,1.886906461117108,1.9642335288184123,0.8194674686849822,0.21497156942644227,0.024544440242656413
194,"person is dancing by bending right arm and right leg lifting and bending at the same time a few times, they repeat this on the left, they jump to the side and kick the left leg back, and then jump to the left",014097,9.950000000000001,0.024967773580098496,0.24842934712198003,20.168993911414436,416.2202107765514,12670.154265584175,0.21166932582855225,1.7603387832641602,1.926774623421242,0.145617111888107,0.015230164751611102,2.8748606821505307,2.8588138105326637,3.1345484748086236,3.713319419461953,2.6156374865876764,0.13227704777609753,0.06950990130077786
195,a person squats then stands up and dances then spins in a circle while dancing,M001777,9.55,0.022202607996910654,0.21203490637049677,29.113754021480254,607.4211559539808,18304.10266377223,0.5838247835636139,1.591983437538147,1.9871286103371928,0.13708849533544276,0.01587146434151002,2.9539288510166415,2.937208691528332,3.397969011324534,3.8619204518577606,2.7113978878789387,0.012854475318649772,0.005878049431178611
196,a person struggles to hold a heavy object before dropping it.,007990,9.950000000000001,0.004678734784336771,0.04655341110415088,2.9892705450079164,45.87610787849938,1238.6324075216787,0.03256160020828247,1.577571153640747,1.7853020450354207,0.1677463863843459,0.015230164751611102,3.4918298483221295,3.475935368523812,2.6842147824819995,2.958304564096842,1.5687372462416764,0.0816246719603703,0.006539713904925444
197,a person does a dance move by twisting to the right and then extending the right arm into the arm.,001338,6.3500000000000005,0.03568224602894727,0.22658226228381517,18.57401869446519,364.4263782907591,11323.919785577855,0.08757716417312622,1.7664371728897095,1.9208277341295026,0.14648566075374259,0.023945517837116886,2.7552302496383514,2.7299618548760893,3.1627364591941394,3.8871696541290746,2.664199995741574,0.11896884176668947,0.024409299852985355
198,walking forward then the body twirls around fast and keeps walking.,M007555,5.7,0.02341119358297961,0.13344380342298376,9.845143928523886,187.7534139828052,5921.203790383291,0.08265131711959839,1.6015753746032715,1.8771116769591996,0.15303147237298462,0.05410721231630245,2.9551573265416304,2.89953911099685,2.8337657825868203,3.648032672324752,2.530447340085796,0.08649179749433214,0.00935217332711186
199,a person walking in fast pace.,003728,9.950000000000001,0.040963019992686533,0.40758204892723104,15.94525889311253,305.3902380451759,9539.299935690871,0.06204187870025635,1.5513930320739746,1.934993194055504,0.1444252517704444,0.015230164751611102,3.031685434337848,3.0156254674158376,2.8098789378767073,3.837726754764674,2.612410217855397,0.1355299670109941,0.021858608430964162
